Id;FirstName;LastName;TeamName;TeamCode;TeamUri;Nationality;CountryCode;DateOfBirth;Status;PhotoUri;GeneralClassification;SprintClassification;MountainClassification;GeneralClassificationRank;YouthClassificationRank;SprintClassificationRank;MountainClassificationRank;CombativityClassificationRank;CombinedClassificationRank;IsWithdrawn;WithdrawalStageId;StageId;WithdrawalReason;YoungClassification
1;Christopher;FROOME;TEAM SKY;SKY;http://fep-api.dimensiondata.com/v2/teams/939;United Kingdom;GBR;1985-05-20T00:00:00;83;http://fep-api.dimensiondata.com/v2/rider/3692/photo;1, 00:00:00, 83:55:16;7, 133;5, 51;1;0;7;5;0;0;FALSE;0;0;NA;NA
2;Sergio;HENAO MONTOYA;TEAM SKY;SKY;http://fep-api.dimensiondata.com/v2/teams/939;Colombia;COL;1987-12-10T00:00:00;83;http://fep-api.dimensiondata.com/v2/rider/3693/photo;29, 01:16:32, 85:11:48;122, 3;NA;29;0;122;0;0;0;FALSE;0;0;NA;NA
3;Vasili;KIRYIENKA;TEAM SKY;SKY;http://fep-api.dimensiondata.com/v2/teams/939;Belarus;BLR;1981-06-28T00:00:00;83;http://fep-api.dimensiondata.com/v2/rider/3694/photo;112, 03:21:15, 87:16:31;81, 15;NA;112;0;81;0;0;0;FALSE;0;0;NA;NA
4;Christian;KNEES;TEAM SKY;SKY;http://fep-api.dimensiondata.com/v2/teams/939;Germany;GER;1981-03-05T00:00:00;83;http://fep-api.dimensiondata.com/v2/rider/3695/photo;145, 03:55:31, 87:50:47;97, 10;NA;145;0;97;0;0;0;FALSE;0;0;NA;NA
5;Michal;KWIATKOWSKI;TEAM SKY;SKY;http://fep-api.dimensiondata.com/v2/teams/939;Poland;POL;1990-06-02T00:00:00;83;http://fep-api.dimensiondata.com/v2/rider/3696/photo;57, 02:17:48, 86:13:04;37, 42;28, 10;57;0;37;28;0;0;FALSE;0;0;NA;NA
6;Mikel;LANDA MEANA;TEAM SKY;SKY;http://fep-api.dimensiondata.com/v2/teams/939;Spain;ESP;1989-12-13T00:00:00;83;http://fep-api.dimensiondata.com/v2/rider/3697/photo;4, 00:02:21, 83:57:37;21, 62;7, 45;4;0;21;7;0;0;FALSE;0;0;NA;NA
7;Mikel;NIEVE ITURRALDE;TEAM SKY;SKY;http://fep-api.dimensiondata.com/v2/teams/939;Spain;ESP;1984-05-26T00:00:00;83;http://fep-api.dimensiondata.com/v2/rider/3698/photo;14, 00:25:28, 84:20:44;94, 10;19, 16;14;0;94;19;0;0;FALSE;0;0;NA;NA
8;Luke;ROWE;TEAM SKY;SKY;http://fep-api.dimensiondata.com/v2/teams/939;United Kingdom;GBR;1990-10-03T00:00:00;83;http://fep-api.dimensiondata.com/v2/rider/3699/photo;167, 04:35:52, 88:31:08;126, 2;NA;167;0;126;0;0;0;FALSE;0;0;NA;NA
9;Geraint;THOMAS;TEAM SKY;SKY;http://fep-api.dimensiondata.com/v2/teams/939;United Kingdom;GBR;1986-05-25T00:00:00;83;http://fep-api.dimensiondata.com/v2/rider/3700/photo;NA;NA;NA;0;0;0;0;0;0;TRUE;202;0;AB;NA
11;Romain;BARDET;AG2R LA MONDIALE;ALM;http://fep-api.dimensiondata.com/v2/teams/962;France;FRA;1990-09-11T00:00:00;83;http://fep-api.dimensiondata.com/v2/rider/3701/photo;3, 00:02:20, 83:57:36;12, 94;6, 47;3;0;12;6;0;0;FALSE;0;0;NA;NA
12;Jan;BAKELANTS;AG2R LA MONDIALE;ALM;http://fep-api.dimensiondata.com/v2/teams/962;Belgium;BEL;1986-02-14T00:00:00;83;http://fep-api.dimensiondata.com/v2/rider/3702/photo;22, 00:50:04, 84:45:20;16, 83;27, 10;22;0;16;27;0;0;FALSE;0;0;NA;NA
13;Axel;DOMONT;AG2R LA MONDIALE;ALM;http://fep-api.dimensiondata.com/v2/teams/962;France;FRA;1990-08-07T00:00:00;83;http://fep-api.dimensiondata.com/v2/rider/3703/photo;68, 02:35:33, 86:30:49;NA;NA;68;0;0;0;0;0;FALSE;0;0;NA;NA
14;Mathias;FRANK;AG2R LA MONDIALE;ALM;http://fep-api.dimensiondata.com/v2/teams/962;Switzerland;SUI;1986-09-12T00:00:00;83;http://fep-api.dimensiondata.com/v2/rider/3704/photo;30, 01:21:16, 85:16:32;114, 5;NA;30;0;114;0;0;0;FALSE;0;0;NA;NA
15;Ben;GASTAUER;AG2R LA MONDIALE;ALM;http://fep-api.dimensiondata.com/v2/teams/962;Luxembourg;LUX;1987-11-14T00:00:00;83;http://fep-api.dimensiondata.com/v2/rider/3705/photo;37, 01:38:33, 85:33:49;NA;NA;37;0;0;0;0;0;FALSE;0;0;NA;NA
16;Cyril;GAUTIER;AG2R LA MONDIALE;ALM;http://fep-api.dimensiondata.com/v2/teams/962;France;FRA;1987-09-26T00:00:00;83;http://fep-api.dimensiondata.com/v2/rider/3706/photo;48, 02:03:24, 85:58:40;100, 8;21, 14;48;0;100;21;0;0;FALSE;0;0;NA;NA
17;Pierre-Roger;LATOUR;AG2R LA MONDIALE;ALM;http://fep-api.dimensiondata.com/v2/teams/962;France;FRA;1993-10-12T00:00:00;83;http://fep-api.dimensiondata.com/v2/rider/3707/photo;26, 01:12:43, 85:07:59;121, 3;NA;26;6;121;0;0;0;FALSE;0;0;NA;6, 01:06:29, 85:07:59
18;Oliver;NAESEN;AG2R LA MONDIALE;ALM;http://fep-api.dimensiondata.com/v2/teams/962;Belgium;BEL;1990-09-16T00:00:00;83;http://fep-api.dimensiondata.com/v2/rider/3708/photo;64, 02:28:02, 86:23:18;123, 3;NA;64;0;123;0;0;0;FALSE;0;0;NA;NA
19;Alexis;VUILLERMOZ;AG2R LA MONDIALE;ALM;http://fep-api.dimensiondata.com/v2/teams/962;France;FRA;1988-01-06T00:00:00;83;http://fep-api.dimensiondata.com/v2/rider/3709/photo;13, 00:24:38, 84:19:54;79, 15;12, 28;13;0;79;12;0;0;FALSE;0;0;NA;NA
21;Nairo Alexander;QUINTANA ROJAS;MOVISTAR TEAM;MOV;http://fep-api.dimensiondata.com/v2/teams/978;Colombia;COL;1990-02-04T00:00:00;83;http://fep-api.dimensiondata.com/v2/rider/3710/photo;12, 00:15:28, 84:10:44;34, 48;31, 8;12;0;34;31;0;0;FALSE;0;0;NA;NA
22;Andrey;AMADOR;MOVISTAR TEAM;MOV;http://fep-api.dimensiondata.com/v2/teams/978;Costa Rica;CRC;1986-08-29T00:00:00;83;http://fep-api.dimensiondata.com/v2/rider/3711/photo;89, 02:56:43, 86:51:59;NA;NA;89;0;0;0;0;0;FALSE;0;0;NA;NA
23;Daniele;BENNATI;MOVISTAR TEAM;MOV;http://fep-api.dimensiondata.com/v2/teams/978;Italy;ITA;1980-09-24T00:00:00;83;http://fep-api.dimensiondata.com/v2/rider/3712/photo;104, 03:13:44, 87:09:00;49, 27;NA;104;0;49;0;0;0;FALSE;0;0;NA;NA
24;Carlos Alberto;BETANCUR;MOVISTAR TEAM;MOV;http://fep-api.dimensiondata.com/v2/teams/978;Colombia;COL;1989-10-13T00:00:00;83;http://fep-api.dimensiondata.com/v2/rider/3713/photo;18, 00:37:47, 84:33:03;71, 17;53, 1;18;0;71;53;0;0;FALSE;0;0;NA;NA
25;Jonathan;CASTROVIEJO NICOLAS;MOVISTAR TEAM;MOV;http://fep-api.dimensiondata.com/v2/teams/978;Spain;ESP;1987-04-27T00:00:00;83;http://fep-api.dimensiondata.com/v2/rider/3714/photo;59, 02:21:28, 86:16:44;127, 1;NA;59;0;127;0;0;0;FALSE;0;0;NA;NA
26;Imanol;ERVITI;MOVISTAR TEAM;MOV;http://fep-api.dimensiondata.com/v2/teams/978;Spain;ESP;1983-11-15T00:00:00;83;http://fep-api.dimensiondata.com/v2/rider/3715/photo;92, 03:00:21, 86:55:37;115, 5;62, 1;92;0;115;62;0;0;FALSE;0;0;NA;NA
27;Jesus;HERRADA LOPEZ;MOVISTAR TEAM;MOV;http://fep-api.dimensiondata.com/v2/teams/978;Spain;ESP;1990-07-26T00:00:00;83;http://fep-api.dimensiondata.com/v2/rider/3716/photo;95, 03:04:49, 87:00:05;107, 6;48, 2;95;0;107;48;0;0;FALSE;0;0;NA;NA
28;Jasha;SÜTTERLIN;MOVISTAR TEAM;MOV;http://fep-api.dimensiondata.com/v2/teams/978;Germany;GER;1992-11-04T00:00:00;83;http://fep-api.dimensiondata.com/v2/rider/3717/photo;108, 03:17:53, 87:13:09;108, 6;NA;108;18;108;0;0;0;FALSE;0;0;NA;18, 03:11:39, 87:13:09
29;Alejandro;VALVERDE;MOVISTAR TEAM;MOV;http://fep-api.dimensiondata.com/v2/teams/978;Spain;ESP;1980-04-25T00:00:00;83;http://fep-api.dimensiondata.com/v2/rider/3718/photo;NA;NA;NA;0;0;0;0;0;0;TRUE;194;0;AB;NA
31;Alberto;CONTADOR;TREK - SEGAFREDO;TFS;http://fep-api.dimensiondata.com/v2/teams/979;Spain;ESP;1982-12-06T00:00:00;83;http://fep-api.dimensiondata.com/v2/rider/3719/photo;9, 00:08:49, 84:04:05;29, 52;9, 36;9;0;29;9;0;0;FALSE;0;0;NA;NA
32;Koen;DE KORT;TREK - SEGAFREDO;TFS;http://fep-api.dimensiondata.com/v2/teams/979;Netherlands;NED;1982-09-08T00:00:00;83;http://fep-api.dimensiondata.com/v2/rider/3720/photo;71, 02:38:33, 86:33:49;96, 10;45, 2;71;0;96;45;0;0;FALSE;0;0;NA;NA
33;John;DEGENKOLB;TREK - SEGAFREDO;TFS;http://fep-api.dimensiondata.com/v2/teams/979;Germany;GER;1989-01-07T00:00:00;83;http://fep-api.dimensiondata.com/v2/rider/3721/photo;121, 03:32:59, 87:28:15;17, 79;NA;121;0;17;0;0;0;FALSE;0;0;NA;NA
34;Fabio;FELLINE;TREK - SEGAFREDO;TFS;http://fep-api.dimensiondata.com/v2/teams/979;Italy;ITA;1990-03-29T00:00:00;83;http://fep-api.dimensiondata.com/v2/rider/3722/photo;NA;NA;NA;0;0;0;0;0;0;TRUE;207;0;AB;NA
35;Michael;GOGL ;TREK - SEGAFREDO;TFS;http://fep-api.dimensiondata.com/v2/teams/979;Austria;AUT;1993-11-04T00:00:00;83;http://fep-api.dimensiondata.com/v2/rider/3723/photo;146, 03:59:06, 87:54:22;98, 10;NA;146;24;98;0;0;0;FALSE;0;0;NA;24, 03:52:52, 87:54:22
36;Markel;IRIZAR ARRANBURU;TREK - SEGAFREDO;TFS;http://fep-api.dimensiondata.com/v2/teams/979;Spain;ESP;1980-02-05T00:00:00;83;http://fep-api.dimensiondata.com/v2/rider/3724/photo;135, 03:47:10, 87:42:26;NA;NA;135;0;0;0;0;0;FALSE;0;0;NA;NA
37;Bauke;MOLLEMA;TREK - SEGAFREDO;TFS;http://fep-api.dimensiondata.com/v2/teams/979;Netherlands;NED;1986-11-26T00:00:00;83;http://fep-api.dimensiondata.com/v2/rider/3725/photo;17, 00:37:43, 84:32:59;23, 57;8, 37;17;0;23;8;0;0;FALSE;0;0;NA;NA
38;Jarlinson;PANTANO;TREK - SEGAFREDO;TFS;http://fep-api.dimensiondata.com/v2/teams/979;Colombia;COL;1988-11-19T00:00:00;83;http://fep-api.dimensiondata.com/v2/rider/3726/photo;46, 02:01:30, 85:56:46;106, 6;34, 6;46;0;106;34;0;0;FALSE;0;0;NA;NA
39;Haimar;ZUBELDIA;TREK - SEGAFREDO;TFS;http://fep-api.dimensiondata.com/v2/teams/979;Spain;ESP;1977-01-04T00:00:00;83;http://fep-api.dimensiondata.com/v2/rider/3727/photo;52, 02:06:30, 86:01:46;NA;NA;52;0;0;0;0;0;FALSE;0;0;NA;NA
41;Richie;PORTE;BMC RACING TEAM;BMC;http://fep-api.dimensiondata.com/v2/teams/923;Australia;AUS;1985-01-30T00:00:00;83;http://fep-api.dimensiondata.com/v2/rider/3728/photo;NA;NA;NA;0;0;0;0;0;0;TRUE;202;0;AB;NA
42;Damiano;CARUSO;BMC RACING TEAM;BMC;http://fep-api.dimensiondata.com/v2/teams/923;Italy;ITA;1987-10-12T00:00:00;83;http://fep-api.dimensiondata.com/v2/rider/3729/photo;11, 00:14:48, 84:10:04;93, 10;30, 8;11;0;93;30;0;0;FALSE;0;0;NA;NA
43;Alessandro;DE MARCHI;BMC RACING TEAM;BMC;http://fep-api.dimensiondata.com/v2/teams/923;Italy;ITA;1986-05-19T00:00:00;83;http://fep-api.dimensiondata.com/v2/rider/3730/photo;97, 03:05:25, 87:00:41;53, 26;25, 10;97;0;53;25;0;0;FALSE;0;0;NA;NA
44;Stefan;KUENG;BMC RACING TEAM;BMC;http://fep-api.dimensiondata.com/v2/teams/923;Switzerland;SUI;1993-11-16T00:00:00;83;http://fep-api.dimensiondata.com/v2/rider/3731/photo;79, 02:49:17, 86:44:33;42, 36;NA;79;11;42;0;0;0;FALSE;0;0;NA;11, 02:43:03, 86:44:33
45;Amaël;MOINARD;BMC RACING TEAM;BMC;http://fep-api.dimensiondata.com/v2/teams/923;France;FRA;1982-02-02T00:00:00;83;http://fep-api.dimensiondata.com/v2/rider/3732/photo;32, 01:32:02, 85:27:18;117, 4;NA;32;0;117;0;0;0;FALSE;0;0;NA;NA
46;Nicolas;ROCHE;BMC RACING TEAM;BMC;http://fep-api.dimensiondata.com/v2/teams/923;Ireland;IRL;1984-03-07T00:00:00;83;http://fep-api.dimensiondata.com/v2/rider/3733/photo;33, 01:32:35, 85:27:51;33, 50;35, 4;33;0;33;35;0;0;FALSE;0;0;NA;NA
47;Michael;SCHÄR;BMC RACING TEAM;BMC;http://fep-api.dimensiondata.com/v2/teams/923;Switzerland;SUI;1986-09-29T00:00:00;83;http://fep-api.dimensiondata.com/v2/rider/3734/photo;73, 02:41:03, 86:36:19;NA;NA;73;0;0;0;0;0;FALSE;0;0;NA;NA
48;Greg;VAN AVERMAET;BMC RACING TEAM;BMC;http://fep-api.dimensiondata.com/v2/teams/923;Belgium;BEL;1985-05-17T00:00:00;83;http://fep-api.dimensiondata.com/v2/rider/3735/photo;58, 02:19:14, 86:14:30;20, 63;59, 1;58;0;20;59;0;0;FALSE;0;0;NA;NA
49;Danilo;WYSS;BMC RACING TEAM;BMC;http://fep-api.dimensiondata.com/v2/teams/923;Switzerland;SUI;1985-08-26T00:00:00;83;http://fep-api.dimensiondata.com/v2/rider/3736/photo;82, 02:53:51, 86:49:07;85, 14;NA;82;0;85;0;0;0;FALSE;0;0;NA;NA
51;Fabio;ARU;ASTANA PRO TEAM;AST;http://fep-api.dimensiondata.com/v2/teams/980;Italy;ITA;1990-07-03T00:00:00;83;http://fep-api.dimensiondata.com/v2/rider/3737/photo;5, 00:03:05, 83:58:21;15, 87;15, 22;5;0;15;15;0;0;FALSE;0;0;NA;NA
52;Dario;CATALDO;ASTANA PRO TEAM;AST;http://fep-api.dimensiondata.com/v2/teams/980;Italy;ITA;1985-03-17T00:00:00;83;http://fep-api.dimensiondata.com/v2/rider/3738/photo;NA;NA;NA;0;0;0;0;0;0;TRUE;204;0;AB;NA
53;Jakob;FUGLSANG;ASTANA PRO TEAM;AST;http://fep-api.dimensiondata.com/v2/teams/980;Denmark;DEN;1985-03-22T00:00:00;83;http://fep-api.dimensiondata.com/v2/rider/3739/photo;NA;NA;NA;0;0;0;0;0;0;TRUE;206;0;AB;NA
54;Andriy;GRIVKO;ASTANA PRO TEAM;AST;http://fep-api.dimensiondata.com/v2/teams/980;Ukraine;UKR;1983-07-08T00:00:00;83;http://fep-api.dimensiondata.com/v2/rider/3740/photo;120, 03:32:14, 87:27:30;110, 6;NA;120;0;110;0;0;0;FALSE;0;0;NA;NA
55;Dmitriy;GRUZDEV;ASTANA PRO TEAM;AST;http://fep-api.dimensiondata.com/v2/teams/980;Kazakhstan;KAZ;1986-03-13T00:00:00;83;http://fep-api.dimensiondata.com/v2/rider/3741/photo;115, 03:24:42, 87:19:58;NA;NA;115;0;0;0;0;0;FALSE;0;0;NA;NA
56;Bakhtiyar;KOZHATAYEV;ASTANA PRO TEAM;AST;http://fep-api.dimensiondata.com/v2/teams/980;Kazakhstan;KAZ;1992-03-28T00:00:00;83;http://fep-api.dimensiondata.com/v2/rider/3742/photo;94, 03:04:11, 86:59:27;NA;NA;94;16;0;0;0;0;FALSE;0;0;NA;16, 02:57:57, 86:59:27
57;Alexey;LUTSENKO;ASTANA PRO TEAM;AST;http://fep-api.dimensiondata.com/v2/teams/980;Kazakhstan;KAZ;1992-09-07T00:00:00;83;http://fep-api.dimensiondata.com/v2/rider/3743/photo;70, 02:37:39, 86:32:55;NA;23, 11;70;9;0;23;0;0;FALSE;0;0;NA;9, 02:31:25, 86:32:55
58;ANDERSEN Michael;VALGREN;ASTANA PRO TEAM;AST;http://fep-api.dimensiondata.com/v2/teams/980;Denmark;DEN;1992-02-07T00:00:00;83;http://fep-api.dimensiondata.com/v2/rider/3744/photo;62, 02:25:36, 86:20:52;87, 13;NA;62;8;87;0;0;0;FALSE;0;0;NA;8, 02:19:22, 86:20:52
59;Andrey;ZEITS;ASTANA PRO TEAM;AST;http://fep-api.dimensiondata.com/v2/teams/980;Kazakhstan;KAZ;1986-12-14T00:00:00;83;http://fep-api.dimensiondata.com/v2/rider/3745/photo;44, 01:59:09, 85:54:25;NA;NA;44;0;0;0;0;0;FALSE;0;0;NA;NA
61;Louis;MEINTJES;UAE TEAM EMIRATES;UAD;http://fep-api.dimensiondata.com/v2/teams/925;South Africa;RSA;1992-02-21T00:00:00;83;http://fep-api.dimensiondata.com/v2/rider/3746/photo;8, 00:08:20, 84:03:36;35, 44;29, 8;8;2;35;29;0;0;FALSE;0;0;NA;2, 00:02:06, 84:03:36
62;Darwin;ATAPUMA;UAE TEAM EMIRATES;UAD;http://fep-api.dimensiondata.com/v2/teams/925;Colombia;COL;0001-01-01T00:00:00;83;http://fep-api.dimensiondata.com/v2/rider/3747/photo;41, 01:49:40, 85:44:56;41, 36;4, 55;41;0;41;4;0;0;FALSE;0;0;NA;NA
63;Matteo;BONO;UAE TEAM EMIRATES;UAD;http://fep-api.dimensiondata.com/v2/teams/925;Italy;ITA;1983-11-11T00:00:00;83;http://fep-api.dimensiondata.com/v2/rider/3748/photo;110, 03:19:21, 87:14:37;NA;NA;110;0;0;0;0;0;FALSE;0;0;NA;NA
64;Kristijan;DURASEK;UAE TEAM EMIRATES;UAD;http://fep-api.dimensiondata.com/v2/teams/925;Croatia;CRO;1987-07-26T00:00:00;83;http://fep-api.dimensiondata.com/v2/rider/3749/photo;51, 02:04:53, 86:00:09;NA;NA;51;0;0;0;0;0;FALSE;0;0;NA;NA
65;Vegard Stake;LAENGEN;UAE TEAM EMIRATES;UAD;http://fep-api.dimensiondata.com/v2/teams/925;Norway;NOR;1989-02-07T00:00:00;83;http://fep-api.dimensiondata.com/v2/rider/3750/photo;127, 03:41:52, 87:37:08;76, 17;NA;127;0;76;0;0;0;FALSE;0;0;NA;NA
66;Marco;MARCATO;UAE TEAM EMIRATES;UAD;http://fep-api.dimensiondata.com/v2/teams/925;Italy;ITA;1984-02-11T00:00:00;83;http://fep-api.dimensiondata.com/v2/rider/3751/photo;98, 03:05:53, 87:01:09;55, 25;NA;98;0;55;0;0;0;FALSE;0;0;NA;NA
67;Manuele;MORI;UAE TEAM EMIRATES;UAD;http://fep-api.dimensiondata.com/v2/teams/925;Italy;ITA;1980-08-09T00:00:00;83;http://fep-api.dimensiondata.com/v2/rider/3752/photo;NA;NA;NA;0;0;0;0;0;0;TRUE;202;0;AB;NA
68;Ben;SWIFT;UAE TEAM EMIRATES;UAD;http://fep-api.dimensiondata.com/v2/teams/925;United Kingdom;GBR;1987-11-05T00:00:00;83;http://fep-api.dimensiondata.com/v2/rider/3753/photo;83, 02:54:48, 86:50:04;19, 70;NA;83;0;19;0;0;0;FALSE;0;0;NA;NA
69;Diego;ULISSI;UAE TEAM EMIRATES;UAD;http://fep-api.dimensiondata.com/v2/teams/925;Italy;ITA;1989-07-15T00:00:00;83;http://fep-api.dimensiondata.com/v2/rider/3754/photo;39, 01:45:23, 85:40:39;40, 38;36, 4;39;0;40;36;0;0;FALSE;0;0;NA;NA
71;Arnaud;DEMARE;FDJ;FDJ;http://fep-api.dimensiondata.com/v2/teams/7;France;FRA;1991-08-26T00:00:00;83;http://fep-api.dimensiondata.com/v2/rider/3755/photo;NA;NA;NA;0;0;0;0;0;0;TRUE;202;0;HD;NA
72;Davide;CIMOLAI;FDJ;FDJ;http://fep-api.dimensiondata.com/v2/teams/7;Italy;ITA;1989-08-13T00:00:00;83;http://fep-api.dimensiondata.com/v2/rider/3756/photo;152, 04:06:15, 88:01:31;78, 17;NA;152;0;78;0;0;0;FALSE;0;0;NA;NA
73;Mickaël;DELAGE;FDJ;FDJ;http://fep-api.dimensiondata.com/v2/teams/7;France;FRA;1985-06-08T00:00:00;83;http://fep-api.dimensiondata.com/v2/rider/3757/photo;NA;NA;NA;0;0;0;0;0;0;TRUE;202;0;HD;NA
74;Jacopo;GUARNIERI;FDJ;FDJ;http://fep-api.dimensiondata.com/v2/teams/7;Italy;ITA;1987-08-14T00:00:00;83;http://fep-api.dimensiondata.com/v2/rider/3758/photo;NA;NA;NA;0;0;0;0;0;0;TRUE;202;0;HD;NA
75;Ignatas;KONOVALOVAS;FDJ;FDJ;http://fep-api.dimensiondata.com/v2/teams/7;Lithuania;LTU;1985-12-08T00:00:00;83;http://fep-api.dimensiondata.com/v2/rider/3759/photo;NA;NA;NA;0;0;0;0;0;0;TRUE;202;0;HD;NA
76;Olivier;LE GAC;FDJ;FDJ;http://fep-api.dimensiondata.com/v2/teams/7;France;FRA;1993-08-27T00:00:00;83;http://fep-api.dimensiondata.com/v2/rider/3760/photo;160, 04:17:21, 88:12:37;NA;NA;160;27;0;0;0;0;FALSE;0;0;NA;27, 04:11:07, 88:12:37
77;Rudy;MOLARD;FDJ;FDJ;http://fep-api.dimensiondata.com/v2/teams/7;France;FRA;1989-09-17T00:00:00;83;http://fep-api.dimensiondata.com/v2/rider/3761/photo;36, 01:35:55, 85:31:11;105, 6;NA;36;0;105;0;0;0;FALSE;0;0;NA;NA
78;Thibaut;PINOT;FDJ;FDJ;http://fep-api.dimensiondata.com/v2/teams/7;France;FRA;1990-05-29T00:00:00;83;http://fep-api.dimensiondata.com/v2/rider/3762/photo;NA;NA;NA;0;0;0;0;0;0;TRUE;210;0;AB;NA
79;Arthur;VICHOT;FDJ;FDJ;http://fep-api.dimensiondata.com/v2/teams/7;France;FRA;1988-11-26T00:00:00;83;http://fep-api.dimensiondata.com/v2/rider/3763/photo;NA;NA;NA;0;0;0;0;0;0;TRUE;206;0;AB;NA
81;Johan Esteban;CHAVES;ORICA - SCOTT;ORS;http://fep-api.dimensiondata.com/v2/teams/981;Colombia;COL;0001-01-01T00:00:00;83;http://fep-api.dimensiondata.com/v2/rider/3764/photo;63, 02:27:34, 86:22:50;95, 10;NA;63;0;95;0;0;0;FALSE;0;0;NA;NA
82;Michael;ALBASINI;ORICA - SCOTT;ORS;http://fep-api.dimensiondata.com/v2/teams/981;Switzerland;SUI;1980-12-20T00:00:00;83;http://fep-api.dimensiondata.com/v2/rider/3765/photo;99, 03:06:55, 87:02:11;75, 17;NA;99;0;75;0;0;0;FALSE;0;0;NA;NA
83;Luke;DURBRIDGE;ORICA - SCOTT;ORS;http://fep-api.dimensiondata.com/v2/teams/981;Australia;AUS;1991-04-09T00:00:00;83;http://fep-api.dimensiondata.com/v2/rider/3766/photo;NA;NA;NA;0;0;0;0;0;0;TRUE;195;0;AB;NA
84;Mathew;HAYMAN;ORICA - SCOTT;ORS;http://fep-api.dimensiondata.com/v2/teams/981;Australia;AUS;1978-04-20T00:00:00;83;http://fep-api.dimensiondata.com/v2/rider/3767/photo;151, 04:04:13, 87:59:29;NA;NA;151;0;0;0;0;0;FALSE;0;0;NA;NA
85;Damien;HOWSON;ORICA - SCOTT;ORS;http://fep-api.dimensiondata.com/v2/teams/981;Australia;AUS;1992-08-13T00:00:00;83;http://fep-api.dimensiondata.com/v2/rider/3768/photo;90, 02:56:57, 86:52:13;91, 11;NA;90;13;91;0;0;0;FALSE;0;0;NA;13, 02:50:43, 86:52:13
86;Daryl;IMPEY;ORICA - SCOTT;ORS;http://fep-api.dimensiondata.com/v2/teams/981;South Africa;RSA;1984-12-06T00:00:00;83;http://fep-api.dimensiondata.com/v2/rider/3769/photo;47, 02:01:59, 85:57:15;86, 13;44, 2;47;0;86;44;0;0;FALSE;0;0;NA;NA
87;Jens;KEUKELEIRE;ORICA - SCOTT;ORS;http://fep-api.dimensiondata.com/v2/teams/981;Belgium;BEL;1988-11-23T00:00:00;83;http://fep-api.dimensiondata.com/v2/rider/3770/photo;60, 02:22:26, 86:17:42;32, 51;NA;60;0;32;0;0;0;FALSE;0;0;NA;NA
88;Roman;KREUZIGER;ORICA - SCOTT;ORS;http://fep-api.dimensiondata.com/v2/teams/981;Czech Republic;CZE;1986-05-06T00:00:00;83;http://fep-api.dimensiondata.com/v2/rider/3771/photo;24, 00:59:58, 84:55:14;72, 17;NA;24;0;72;0;0;0;FALSE;0;0;NA;NA
89;Simon;YATES;ORICA - SCOTT;ORS;http://fep-api.dimensiondata.com/v2/teams/981;United Kingdom;GBR;1992-07-08T00:00:00;83;http://fep-api.dimensiondata.com/v2/rider/3772/photo;7, 00:06:14, 84:01:30;22, 61;52, 1;7;1;22;52;0;0;FALSE;0;0;NA;1, 00:00:00, 84:01:30
91;Mark;Cavendish;TEAM DIMENSION DATA;DDD;http://fep-api.dimensiondata.com/v2/teams/982;United Kingdom;GBR;1985-05-21T00:00:00;83;http://fep-api.dimensiondata.com/v2/rider/3773/photo;NA;NA;NA;0;0;0;0;0;0;TRUE;198;0;NP;NA
92;Edvald;BOASSON HAGEN;TEAM DIMENSION DATA;DDD;http://fep-api.dimensiondata.com/v2/teams/982;Norway;NOR;1987-05-17T00:00:00;83;http://fep-api.dimensiondata.com/v2/rider/3774/photo;78, 02:48:16, 86:43:32;3, 200;NA;78;0;3;0;0;0;FALSE;0;0;NA;NA
93;Stephen;CUMMINGS;TEAM DIMENSION DATA;DDD;http://fep-api.dimensiondata.com/v2/teams/982;United Kingdom;GBR;1981-03-19T00:00:00;83;http://fep-api.dimensiondata.com/v2/rider/3775/photo;137, 03:48:18, 87:43:34;99, 9;17, 20;137;0;99;17;0;0;FALSE;0;0;NA;NA
94;Bernhard;EISEL;TEAM DIMENSION DATA;DDD;http://fep-api.dimensiondata.com/v2/teams/982;Austria;AUT;1981-02-17T00:00:00;83;http://fep-api.dimensiondata.com/v2/rider/3776/photo;153, 04:09:02, 88:04:18;NA;NA;153;0;0;0;0;0;FALSE;0;0;NA;NA
95;Reinardt;JANSE VAN RENSBURG;TEAM DIMENSION DATA;DDD;http://fep-api.dimensiondata.com/v2/teams/982;South Africa;RSA;1989-02-03T00:00:00;83;http://fep-api.dimensiondata.com/v2/rider/3777/photo;118, 03:30:54, 87:26:10;109, 6;NA;118;0;109;0;0;0;FALSE;0;0;NA;NA
96;Serge;PAUWELS;TEAM DIMENSION DATA;DDD;http://fep-api.dimensiondata.com/v2/teams/982;Belgium;BEL;1983-11-21T00:00:00;83;http://fep-api.dimensiondata.com/v2/rider/3778/photo;19, 00:39:36, 84:34:52;65, 20;10, 32;19;0;65;10;0;0;FALSE;0;0;NA;NA
97;Mark;RENSHAW;TEAM DIMENSION DATA;DDD;http://fep-api.dimensiondata.com/v2/teams/982;Australia;AUS;1982-10-22T00:00:00;83;http://fep-api.dimensiondata.com/v2/rider/3779/photo;NA;NA;NA;0;0;0;0;0;0;TRUE;202;0;HD;NA
98;Scott;THWAITES;TEAM DIMENSION DATA;DDD;http://fep-api.dimensiondata.com/v2/teams/982;United Kingdom;GBR;1990-02-12T00:00:00;83;http://fep-api.dimensiondata.com/v2/rider/3780/photo;106, 03:15:12, 87:10:28;125, 2;NA;106;0;125;0;0;0;FALSE;0;0;NA;NA
99;Jacobus;VENTER;TEAM DIMENSION DATA;DDD;http://fep-api.dimensiondata.com/v2/teams/982;South Africa;RSA;1987-02-13T00:00:00;83;http://fep-api.dimensiondata.com/v2/rider/3781/photo;157, 04:15:24, 88:10:40;NA;NA;157;0;0;0;0;0;FALSE;0;0;NA;NA
101;Marcel;KITTEL;QUICK - STEP FLOORS;QST;http://fep-api.dimensiondata.com/v2/teams/983;Germany;GER;1988-05-11T00:00:00;83;http://fep-api.dimensiondata.com/v2/rider/3782/photo;NA;NA;NA;0;0;0;0;0;0;TRUE;210;0;AB;NA
102;Jack;BAUER;QUICK - STEP FLOORS;QST;http://fep-api.dimensiondata.com/v2/teams/983;New Zealand;NZL;1985-07-04T00:00:00;83;http://fep-api.dimensiondata.com/v2/rider/3783/photo;107, 03:15:13, 87:10:29;39, 42;NA;107;0;39;0;0;0;FALSE;0;0;NA;NA
103;Gianluca;BRAMBILLA;QUICK - STEP FLOORS;QST;http://fep-api.dimensiondata.com/v2/teams/983;Italy;ITA;1987-08-22T00:00:00;83;http://fep-api.dimensiondata.com/v2/rider/3784/photo;53, 02:06:57, 86:02:13;118, 4;NA;53;0;118;0;0;0;FALSE;0;0;NA;NA
104;Philippe;GILBERT;QUICK - STEP FLOORS;QST;http://fep-api.dimensiondata.com/v2/teams/983;Belgium;BEL;1982-07-05T00:00:00;83;http://fep-api.dimensiondata.com/v2/rider/3785/photo;NA;NA;NA;0;0;0;0;0;0;TRUE;209;0;NP;NA
105;Daniel;MARTIN;QUICK - STEP FLOORS;QST;http://fep-api.dimensiondata.com/v2/teams/983;Ireland;IRL;1986-08-20T00:00:00;83;http://fep-api.dimensiondata.com/v2/rider/3786/photo;6, 00:04:42, 83:59:58;9, 106;11, 29;6;0;9;11;0;0;FALSE;0;0;NA;NA
106;Fabio;SABATINI;QUICK - STEP FLOORS;QST;http://fep-api.dimensiondata.com/v2/teams/983;Italy;ITA;0001-01-01T00:00:00;83;http://fep-api.dimensiondata.com/v2/rider/3787/photo;154, 04:10:25, 88:05:41;56, 25;NA;154;0;56;0;0;0;FALSE;0;0;NA;NA
107;Zdenek;STYBAR;QUICK - STEP FLOORS;QST;http://fep-api.dimensiondata.com/v2/teams/983;Czech Republic;CZE;1985-12-11T00:00:00;83;http://fep-api.dimensiondata.com/v2/rider/3788/photo;102, 03:09:48, 87:05:04;38, 42;NA;102;0;38;0;0;0;FALSE;0;0;NA;NA
108;Matteo;TRENTIN;QUICK - STEP FLOORS;QST;http://fep-api.dimensiondata.com/v2/teams/983;Italy;ITA;1989-08-02T00:00:00;83;http://fep-api.dimensiondata.com/v2/rider/3789/photo;NA;NA;NA;0;0;0;0;0;0;TRUE;202;0;HD;NA
109;Julien;VERMOTE;QUICK - STEP FLOORS;QST;http://fep-api.dimensiondata.com/v2/teams/983;Belgium;BEL;1989-07-26T00:00:00;83;http://fep-api.dimensiondata.com/v2/rider/3790/photo;140, 03:51:38, 87:46:54;NA;NA;140;0;0;0;0;0;FALSE;0;0;NA;NA
111;Peter;SAGAN;BORA - HANSGROHE;BOH;http://fep-api.dimensiondata.com/v2/teams/984;Slovakia;SVK;1990-01-26T00:00:00;83;http://fep-api.dimensiondata.com/v2/rider/3791/photo;NA;NA;NA;0;0;0;0;0;0;FALSE;0;0;NA;NA
112;Maciej;BODNAR;BORA - HANSGROHE;BOH;http://fep-api.dimensiondata.com/v2/teams/984;Poland;POL;1985-03-07T00:00:00;83;http://fep-api.dimensiondata.com/v2/rider/3792/photo;116, 03:24:58, 87:20:14;28, 52;NA;116;0;28;0;0;0;FALSE;0;0;NA;NA
113;Emanuel;BUCHMANN;BORA - HANSGROHE;BOH;http://fep-api.dimensiondata.com/v2/teams/984;Germany;GER;1992-11-18T00:00:00;83;http://fep-api.dimensiondata.com/v2/rider/3793/photo;15, 00:33:21, 84:28:37;119, 3;NA;15;3;119;0;0;0;FALSE;0;0;NA;3, 00:27:07, 84:28:37
114;Marcus;BURGHARDT;BORA - HANSGROHE;BOH;http://fep-api.dimensiondata.com/v2/teams/984;Germany;GER;1983-06-30T00:00:00;83;http://fep-api.dimensiondata.com/v2/rider/3794/photo;128, 03:43:33, 87:38:49;NA;NA;128;0;0;0;0;0;FALSE;0;0;NA;NA
115;Rafal;MAJKA;BORA - HANSGROHE;BOH;http://fep-api.dimensiondata.com/v2/teams/984;Poland;POL;1989-09-12T00:00:00;83;http://fep-api.dimensiondata.com/v2/rider/3795/photo;NA;NA;NA;0;0;0;0;0;0;TRUE;203;0;NP;NA
116;Jay;MC CARTHY;BORA - HANSGROHE;BOH;http://fep-api.dimensiondata.com/v2/teams/984;Australia;AUS;1992-08-09T00:00:00;83;http://fep-api.dimensiondata.com/v2/rider/3796/photo;96, 03:05:13, 87:00:29;74, 17;NA;96;17;74;0;0;0;FALSE;0;0;NA;17, 02:58:59, 87:00:29
117;Pawel;POLJANSKI;BORA - HANSGROHE;BOH;http://fep-api.dimensiondata.com/v2/teams/984;Poland;POL;1990-06-05T00:00:00;83;http://fep-api.dimensiondata.com/v2/rider/3797/photo;81, 02:53:42, 86:48:58;NA;NA;81;0;0;0;0;0;FALSE;0;0;NA;NA
118;Juraj;SAGAN;BORA - HANSGROHE;BOH;http://fep-api.dimensiondata.com/v2/teams/984;Slovakia;SVK;1988-12-23T00:00:00;83;http://fep-api.dimensiondata.com/v2/rider/3798/photo;NA;NA;NA;0;0;0;0;0;0;TRUE;202;0;HD;NA
119;Rüdiger;SELIG;BORA - HANSGROHE;BOH;http://fep-api.dimensiondata.com/v2/teams/984;Germany;GER;1989-02-19T00:00:00;83;http://fep-api.dimensiondata.com/v2/rider/3799/photo;165, 04:26:43, 88:21:59;36, 44;NA;165;0;36;0;0;0;FALSE;0;0;NA;NA
121;Tony;MARTIN;TEAM KATUSHA ALPECIN;KAT;http://fep-api.dimensiondata.com/v2/teams/970;Germany;GER;1985-04-23T00:00:00;83;http://fep-api.dimensiondata.com/v2/rider/3800/photo;100, 03:08:13, 87:03:29;45, 32;NA;100;0;45;0;0;0;FALSE;0;0;NA;NA
122;Marco;HALLER;TEAM KATUSHA ALPECIN;KAT;http://fep-api.dimensiondata.com/v2/teams/970;Austria;AUT;1991-04-01T00:00:00;83;http://fep-api.dimensiondata.com/v2/rider/3801/photo;155, 04:13:50, 88:09:06;68, 19;NA;155;0;68;0;0;0;FALSE;0;0;NA;NA
123;Reto;HOLLENSTEIN;TEAM KATUSHA ALPECIN;KAT;http://fep-api.dimensiondata.com/v2/teams/970;Switzerland;SUI;1985-08-22T00:00:00;83;http://fep-api.dimensiondata.com/v2/rider/3802/photo;150, 04:03:45, 87:59:01;90, 13;NA;150;0;90;0;0;0;FALSE;0;0;NA;NA
124;Robert;KISERLOVSKI;TEAM KATUSHA ALPECIN;KAT;http://fep-api.dimensiondata.com/v2/teams/970;Croatia;CRO;1986-09-08T00:00:00;83;http://fep-api.dimensiondata.com/v2/rider/3803/photo;31, 01:25:25, 85:20:41;NA;55, 1;31;0;0;55;0;0;FALSE;0;0;NA;NA
125;Alexander;KRISTOFF;TEAM KATUSHA ALPECIN;KAT;http://fep-api.dimensiondata.com/v2/teams/970;Norway;NOR;1987-07-05T00:00:00;83;http://fep-api.dimensiondata.com/v2/rider/3804/photo;131, 03:45:40, 87:40:56;5, 158;NA;131;0;5;0;0;0;FALSE;0;0;NA;NA
126;Maurits;LAMMERTINK;TEAM KATUSHA ALPECIN;KAT;http://fep-api.dimensiondata.com/v2/teams/970;Netherlands;NED;1990-08-31T00:00:00;83;http://fep-api.dimensiondata.com/v2/rider/3805/photo;75, 02:44:01, 86:39:17;104, 7;NA;75;0;104;0;0;0;FALSE;0;0;NA;NA
127;Tiago;MACHADO;TEAM KATUSHA ALPECIN;KAT;http://fep-api.dimensiondata.com/v2/teams/970;Portugal;POR;1985-10-18T00:00:00;83;http://fep-api.dimensiondata.com/v2/rider/3806/photo;74, 02:43:36, 86:38:52;NA;NA;74;0;0;0;0;0;FALSE;0;0;NA;NA
128;Nils;POLITT;TEAM KATUSHA ALPECIN;KAT;http://fep-api.dimensiondata.com/v2/teams/970;Germany;GER;1994-03-06T00:00:00;83;http://fep-api.dimensiondata.com/v2/rider/3807/photo;93, 03:03:28, 86:58:44;46, 31;43, 2;93;15;46;43;0;0;FALSE;0;0;NA;15, 02:57:14, 86:58:44
129;Rick;ZABEL ;TEAM KATUSHA ALPECIN;KAT;http://fep-api.dimensiondata.com/v2/teams/970;Germany;GER;1993-12-07T00:00:00;83;http://fep-api.dimensiondata.com/v2/rider/3808/photo;143, 03:55:10, 87:50:26;89, 13;NA;143;23;89;0;0;0;FALSE;0;0;NA;23, 03:48:56, 87:50:26
131;André;GREIPEL;LOTTO SOUDAL;LTS;http://fep-api.dimensiondata.com/v2/teams/985;Germany;GER;1982-07-16T00:00:00;83;http://fep-api.dimensiondata.com/v2/rider/3809/photo;149, 04:03:00, 87:58:16;2, 204;NA;149;0;2;0;0;0;FALSE;0;0;NA;NA
132;Lars Ytting;BAK;LOTTO SOUDAL;LTS;http://fep-api.dimensiondata.com/v2/teams/985;Denmark;DEN;1980-01-16T00:00:00;83;http://fep-api.dimensiondata.com/v2/rider/3810/photo;122, 03:36:13, 87:31:29;NA;NA;122;0;0;0;0;0;FALSE;0;0;NA;NA
133;Tiesj;BENOOT;LOTTO SOUDAL;LTS;http://fep-api.dimensiondata.com/v2/teams/985;Belgium;BEL;0001-01-01T00:00:00;83;http://fep-api.dimensiondata.com/v2/rider/3811/photo;20, 00:42:04, 84:37:20;25, 57;20, 15;20;4;25;20;0;0;FALSE;0;0;NA;4, 00:35:50, 84:37:20
134;Thomas;DE GENDT;LOTTO SOUDAL;LTS;http://fep-api.dimensiondata.com/v2/teams/985;Belgium;BEL;1986-11-06T00:00:00;83;http://fep-api.dimensiondata.com/v2/rider/3812/photo;50, 02:04:45, 86:00:01;6, 146;3, 64;50;0;6;3;0;0;FALSE;0;0;NA;NA
135;Tony;GALLOPIN;LOTTO SOUDAL;LTS;http://fep-api.dimensiondata.com/v2/teams/985;France;FRA;1988-05-24T00:00:00;83;http://fep-api.dimensiondata.com/v2/rider/3813/photo;21, 00:42:39, 84:37:55;11, 96;14, 23;21;0;11;14;0;0;FALSE;0;0;NA;NA
136;Adam;HANSEN;LOTTO SOUDAL;LTS;http://fep-api.dimensiondata.com/v2/teams/985;Australia;AUS;1981-05-11T00:00:00;83;http://fep-api.dimensiondata.com/v2/rider/3814/photo;113, 03:22:31, 87:17:47;88, 13;NA;113;0;88;0;0;0;FALSE;0;0;NA;NA
137;Jurgen;ROELANDTS;LOTTO SOUDAL;LTS;http://fep-api.dimensiondata.com/v2/teams/985;Belgium;BEL;1985-07-02T00:00:00;83;http://fep-api.dimensiondata.com/v2/rider/3815/photo;136, 03:47:20, 87:42:36;69, 18;NA;136;0;69;0;0;0;FALSE;0;0;NA;NA
138;Marcel;SIEBERG;LOTTO SOUDAL;LTS;http://fep-api.dimensiondata.com/v2/teams/985;Germany;GER;1982-04-30T00:00:00;83;http://fep-api.dimensiondata.com/v2/rider/3816/photo;NA;NA;NA;0;0;0;0;0;0;TRUE;210;0;NP;NA
139;Tim;WELLENS;LOTTO SOUDAL;LTS;http://fep-api.dimensiondata.com/v2/teams/985;Belgium;BEL;1991-10-05T00:00:00;83;http://fep-api.dimensiondata.com/v2/rider/3817/photo;NA;NA;NA;0;0;0;0;0;0;TRUE;208;0;AB;NA
141;Michael;MATTHEWS;TEAM SUNWEB;SUN;http://fep-api.dimensiondata.com/v2/teams/912;Australia;AUS;1990-09-26T00:00:00;83;http://fep-api.dimensiondata.com/v2/rider/3818/photo;69, 02:36:36, 86:31:52;1, 364;16, 21;69;0;1;16;0;0;FALSE;0;0;NA;NA
142;Nikias;ARNDT;TEAM SUNWEB;SUN;http://fep-api.dimensiondata.com/v2/teams/912;Germany;GER;1991-11-18T00:00:00;83;http://fep-api.dimensiondata.com/v2/rider/3819/photo;84, 02:54:54, 86:50:10;30, 52;NA;84;0;30;0;0;0;FALSE;0;0;NA;NA
143;WARREN;BARGUIL;TEAM SUNWEB;SUN;http://fep-api.dimensiondata.com/v2/teams/912;France;FRA;1991-10-28T00:00:00;83;http://fep-api.dimensiondata.com/v2/rider/3820/photo;10, 00:09:25, 84:04:41;10, 100;1, 169;10;0;10;1;0;0;FALSE;0;0;NA;NA
144;Roy;CURVERS;TEAM SUNWEB;SUN;http://fep-api.dimensiondata.com/v2/teams/912;Netherlands;NED;1979-12-27T00:00:00;83;http://fep-api.dimensiondata.com/v2/rider/3821/photo;141, 03:52:34, 87:47:50;112, 6;NA;141;0;112;0;0;0;FALSE;0;0;NA;NA
145;Simon;GESCHKE;TEAM SUNWEB;SUN;http://fep-api.dimensiondata.com/v2/teams/912;Germany;GER;1986-03-13T00:00:00;83;http://fep-api.dimensiondata.com/v2/rider/3822/photo;61, 02:24:05, 86:19:21;51, 26;60, 1;61;0;51;60;0;0;FALSE;0;0;NA;NA
146;Ramon;SINKELDAM;TEAM SUNWEB;SUN;http://fep-api.dimensiondata.com/v2/teams/912;Netherlands;NED;1989-02-09T00:00:00;83;http://fep-api.dimensiondata.com/v2/rider/3823/photo;148, 04:01:54, 87:57:10;70, 18;NA;148;0;70;0;0;0;FALSE;0;0;NA;NA
147;Laurens;TEN DAM;TEAM SUNWEB;SUN;http://fep-api.dimensiondata.com/v2/teams/912;Netherlands;NED;1980-11-13T00:00:00;83;http://fep-api.dimensiondata.com/v2/rider/3824/photo;66, 02:30:04, 86:25:20;NA;NA;66;0;0;0;0;0;FALSE;0;0;NA;NA
148;Mike;TEUNISSEN;TEAM SUNWEB;SUN;http://fep-api.dimensiondata.com/v2/teams/912;Netherlands;NED;1992-08-25T00:00:00;83;http://fep-api.dimensiondata.com/v2/rider/3825/photo;130, 03:43:52, 87:39:08;111, 6;NA;130;20;111;0;0;0;FALSE;0;0;NA;20, 03:37:38, 87:39:08
149;Albert;TIMMER;TEAM SUNWEB;SUN;http://fep-api.dimensiondata.com/v2/teams/912;Netherlands;NED;1985-06-13T00:00:00;83;http://fep-api.dimensiondata.com/v2/rider/3826/photo;156, 04:14:43, 88:09:59;92, 11;NA;156;0;92;0;0;0;FALSE;0;0;NA;NA
151;Nacer;BOUHANNI;COFIDIS SOLUTIONS CREDITS;COF;http://fep-api.dimensiondata.com/v2/teams/986;France;FRA;1990-07-25T00:00:00;83;http://fep-api.dimensiondata.com/v2/rider/3827/photo;139, 03:51:29, 87:46:45;18, 78;NA;139;0;18;0;0;0;FALSE;0;0;NA;NA
152;Dimitri;CLAEYS;COFIDIS SOLUTIONS CREDITS;COF;http://fep-api.dimensiondata.com/v2/teams/986;Belgium;BEL;1987-06-18T00:00:00;83;http://fep-api.dimensiondata.com/v2/rider/3828/photo;163, 04:19:10, 88:14:26;NA;NA;163;0;0;0;0;0;FALSE;0;0;NA;NA
153;Nicolas;EDET;COFIDIS SOLUTIONS CREDITS;COF;http://fep-api.dimensiondata.com/v2/teams/986;France;FRA;1987-02-12T00:00:00;83;http://fep-api.dimensiondata.com/v2/rider/3829/photo;76, 02:44:20, 86:39:36;66, 20;61, 1;76;0;66;61;0;0;FALSE;0;0;NA;NA
154;Christophe;LAPORTE;COFIDIS SOLUTIONS CREDITS;COF;http://fep-api.dimensiondata.com/v2/teams/986;France;FRA;1992-11-12T00:00:00;83;http://fep-api.dimensiondata.com/v2/rider/3830/photo;133, 03:46:47, 87:42:03;77, 17;NA;133;21;77;0;0;0;FALSE;0;0;NA;21, 03:40:33, 87:42:03
155;Cyril;LEMOINE;COFIDIS SOLUTIONS CREDITS;COF;http://fep-api.dimensiondata.com/v2/teams/986;France;FRA;1983-03-03T00:00:00;83;http://fep-api.dimensiondata.com/v2/rider/3831/photo;129, 03:43:45, 87:39:01;NA;NA;129;0;0;0;0;0;FALSE;0;0;NA;NA
156;Luis Angel;MATE MARDONES;COFIDIS SOLUTIONS CREDITS;COF;http://fep-api.dimensiondata.com/v2/teams/986;Spain;ESP;1984-03-23T00:00:00;83;http://fep-api.dimensiondata.com/v2/rider/3832/photo;56, 02:15:28, 86:10:44;NA;NA;56;0;0;0;0;0;FALSE;0;0;NA;NA
157;Daniel;NAVARRO;COFIDIS SOLUTIONS CREDITS;COF;http://fep-api.dimensiondata.com/v2/teams/986;Spain;ESP;1983-07-18T00:00:00;83;http://fep-api.dimensiondata.com/v2/rider/3833/photo;28, 01:14:35, 85:09:51;59, 23;18, 19;28;0;59;18;0;0;FALSE;0;0;NA;NA
158;Florian;SENECHAL;COFIDIS SOLUTIONS CREDITS;COF;http://fep-api.dimensiondata.com/v2/teams/986;France;FRA;1993-10-07T00:00:00;83;http://fep-api.dimensiondata.com/v2/rider/3834/photo;159, 04:17:12, 88:12:28;NA;NA;159;26;0;0;0;0;FALSE;0;0;NA;26, 04:10:58, 88:12:28
159;Julien;SIMON;COFIDIS SOLUTIONS CREDITS;COF;http://fep-api.dimensiondata.com/v2/teams/986;France;FRA;1985-04-10T00:00:00;83;http://fep-api.dimensiondata.com/v2/rider/3835/photo;117, 03:29:21, 87:24:37;82, 15;32, 7;117;0;82;32;0;0;FALSE;0;0;NA;NA
161;Robert;GESINK;TEAM LOTTO NL - JUMBO;TLJ;http://fep-api.dimensiondata.com/v2/teams/987;Netherlands;NED;1986-05-31T00:00:00;83;http://fep-api.dimensiondata.com/v2/rider/3836/photo;NA;NA;NA;0;0;0;0;0;0;TRUE;202;0;AB;NA
162;George;BENNETT;TEAM LOTTO NL - JUMBO;TLJ;http://fep-api.dimensiondata.com/v2/teams/987;New Zealand;NZL;1990-07-04T00:00:00;83;http://fep-api.dimensiondata.com/v2/rider/3837/photo;NA;NA;NA;0;0;0;0;0;0;TRUE;209;0;AB;NA
163;Dylan;GROENEWEGEN;TEAM LOTTO NL - JUMBO;TLJ;http://fep-api.dimensiondata.com/v2/teams/987;Netherlands;NED;1993-06-21T00:00:00;83;http://fep-api.dimensiondata.com/v2/rider/3838/photo;158, 04:16:12, 88:11:28;13, 94;NA;158;25;13;0;0;0;FALSE;0;0;NA;25, 04:09:58, 88:11:28
164;Thomas;LEEZER;TEAM LOTTO NL - JUMBO;TLJ;http://fep-api.dimensiondata.com/v2/teams/987;Netherlands;NED;1985-12-26T00:00:00;83;http://fep-api.dimensiondata.com/v2/rider/3839/photo;166, 04:30:16, 88:25:32;NA;NA;166;0;0;0;0;0;FALSE;0;0;NA;NA
165;Paul;MARTENS;TEAM LOTTO NL - JUMBO;TLJ;http://fep-api.dimensiondata.com/v2/teams/987;Germany;GER;1983-10-26T00:00:00;83;http://fep-api.dimensiondata.com/v2/rider/3840/photo;80, 02:49:22, 86:44:38;124, 2;NA;80;0;124;0;0;0;FALSE;0;0;NA;NA
166;Primoz;ROGLIC;TEAM LOTTO NL - JUMBO;TLJ;http://fep-api.dimensiondata.com/v2/teams/987;Slovenia;SLO;1989-10-29T00:00:00;83;http://fep-api.dimensiondata.com/v2/rider/3841/photo;38, 01:39:49, 85:35:05;31, 51;2, 80;38;0;31;2;0;0;FALSE;0;0;NA;NA
167;Timo;ROOSEN;TEAM LOTTO NL - JUMBO;TLJ;http://fep-api.dimensiondata.com/v2/teams/987;Netherlands;NED;1993-01-11T00:00:00;83;http://fep-api.dimensiondata.com/v2/rider/3842/photo;NA;NA;NA;0;0;0;0;0;0;TRUE;212;0;AB;NA
168;Jos;VAN EMDEN;TEAM LOTTO NL - JUMBO;TLJ;http://fep-api.dimensiondata.com/v2/teams/987;Netherlands;NED;1985-02-18T00:00:00;83;http://fep-api.dimensiondata.com/v2/rider/3843/photo;NA;NA;NA;0;0;0;0;0;0;TRUE;202;0;AB;NA
169;Robert;WAGNER;TEAM LOTTO NL - JUMBO;TLJ;http://fep-api.dimensiondata.com/v2/teams/987;Germany;GER;1983-04-17T00:00:00;83;http://fep-api.dimensiondata.com/v2/rider/3844/photo;164, 04:24:13, 88:19:29;NA;NA;164;0;0;0;0;0;FALSE;0;0;NA;NA
171;Thomas;VOECKLER;DIRECT ENERGIE;DEN;http://fep-api.dimensiondata.com/v2/teams/988;France;FRA;1979-06-22T00:00:00;83;http://fep-api.dimensiondata.com/v2/rider/3845/photo;85, 02:55:13, 86:50:29;60, 23;47, 2;85;0;60;47;0;0;FALSE;0;0;NA;NA
172;Thomas;BOUDAT;DIRECT ENERGIE;DEN;http://fep-api.dimensiondata.com/v2/teams/988;France;FRA;1994-02-24T00:00:00;83;http://fep-api.dimensiondata.com/v2/rider/3846/photo;142, 03:53:08, 87:48:24;50, 26;NA;142;22;50;0;0;0;FALSE;0;0;NA;22, 03:46:54, 87:48:24
173;Lilian;CALMEJANE;DIRECT ENERGIE;DEN;http://fep-api.dimensiondata.com/v2/teams/988;France;FRA;1992-12-06T00:00:00;83;http://fep-api.dimensiondata.com/v2/rider/3847/photo;35, 01:35:16, 85:30:32;14, 88;22, 11;35;7;14;22;0;0;FALSE;0;0;NA;7, 01:29:02, 85:30:32
174;Sylvain;CHAVANEL;DIRECT ENERGIE;DEN;http://fep-api.dimensiondata.com/v2/teams/988;France;FRA;1979-06-30T00:00:00;83;http://fep-api.dimensiondata.com/v2/rider/3848/photo;25, 01:04:22, 84:59:38;24, 57;54, 1;25;0;24;54;0;0;FALSE;0;0;NA;NA
175;Yohann;GENE;DIRECT ENERGIE;DEN;http://fep-api.dimensiondata.com/v2/teams/988;France;FRA;1981-06-25T00:00:00;83;http://fep-api.dimensiondata.com/v2/rider/3849/photo;134, 03:47:08, 87:42:24;84, 15;NA;134;0;84;0;0;0;FALSE;0;0;NA;NA
176;Adrien;PETIT;DIRECT ENERGIE;DEN;http://fep-api.dimensiondata.com/v2/teams/988;France;FRA;1990-09-26T00:00:00;83;http://fep-api.dimensiondata.com/v2/rider/3850/photo;126, 03:41:34, 87:36:50;62, 21;NA;126;0;62;0;0;0;FALSE;0;0;NA;NA
177;Perrig;QUEMENEUR;DIRECT ENERGIE;DEN;http://fep-api.dimensiondata.com/v2/teams/988;France;FRA;1984-04-26T00:00:00;83;http://fep-api.dimensiondata.com/v2/rider/3851/photo;105, 03:14:24, 87:09:40;80, 15;41, 2;105;0;80;41;0;0;FALSE;0;0;NA;NA
178;Romain;SICARD;DIRECT ENERGIE;DEN;http://fep-api.dimensiondata.com/v2/teams/988;France;FRA;1988-01-01T00:00:00;83;http://fep-api.dimensiondata.com/v2/rider/3852/photo;65, 02:29:46, 86:25:02;52, 26;26, 10;65;0;52;26;0;0;FALSE;0;0;NA;NA
179;ANGÉLO;TULIK;DIRECT ENERGIE;DEN;http://fep-api.dimensiondata.com/v2/teams/988;France;FRA;1990-12-02T00:00:00;83;http://fep-api.dimensiondata.com/v2/rider/3853/photo;88, 02:56:27, 86:51:43;NA;NA;88;0;0;0;0;0;FALSE;0;0;NA;NA
181;Pierre;ROLLAND;CANNONDALE DRAPAC PROFESSIONAL CYCLING TEAM;CDT;http://fep-api.dimensiondata.com/v2/teams/989;France;FRA;1986-10-10T00:00:00;83;http://fep-api.dimensiondata.com/v2/rider/3854/photo;54, 02:10:23, 86:05:39;NA;58, 1;54;0;0;58;0;0;FALSE;0;0;NA;NA
182;Alberto;BETTIOL;CANNONDALE DRAPAC PROFESSIONAL CYCLING TEAM;CDT;http://fep-api.dimensiondata.com/v2/teams/989;Italy;ITA;1993-10-29T00:00:00;83;http://fep-api.dimensiondata.com/v2/rider/3855/photo;91, 02:57:56, 86:53:12;73, 17;NA;91;14;73;0;0;0;FALSE;0;0;NA;14, 02:51:42, 86:53:12
183;Patrick;BEVIN;CANNONDALE DRAPAC PROFESSIONAL CYCLING TEAM;CDT;http://fep-api.dimensiondata.com/v2/teams/989;New Zealand;NZL;1991-02-15T00:00:00;83;http://fep-api.dimensiondata.com/v2/rider/3856/photo;114, 03:23:00, 87:18:16;NA;NA;114;0;0;0;0;0;FALSE;0;0;NA;NA
184;Nathan;BROWN;CANNONDALE DRAPAC PROFESSIONAL CYCLING TEAM;CDT;http://fep-api.dimensiondata.com/v2/teams/989;United States;USA;1991-07-07T00:00:00;83;http://fep-api.dimensiondata.com/v2/rider/3857/photo;43, 01:57:52, 85:53:08;67, 19;38, 3;43;0;67;38;0;0;FALSE;0;0;NA;NA
185;Simon;CLARKE;CANNONDALE DRAPAC PROFESSIONAL CYCLING TEAM;CDT;http://fep-api.dimensiondata.com/v2/teams/989;Australia;AUS;1986-07-18T00:00:00;83;http://fep-api.dimensiondata.com/v2/rider/3858/photo;87, 02:55:27, 86:50:43;NA;NA;87;0;0;0;0;0;FALSE;0;0;NA;NA
186;Taylor;PHINNEY;CANNONDALE DRAPAC PROFESSIONAL CYCLING TEAM;CDT;http://fep-api.dimensiondata.com/v2/teams/989;United States;USA;1990-06-27T00:00:00;83;http://fep-api.dimensiondata.com/v2/rider/3859/photo;161, 04:18:15, 88:13:31;63, 21;42, 2;161;0;63;42;0;0;FALSE;0;0;NA;NA
187;Andrew;TALANSKY;CANNONDALE DRAPAC PROFESSIONAL CYCLING TEAM;CDT;http://fep-api.dimensiondata.com/v2/teams/989;United States;USA;1988-11-23T00:00:00;83;http://fep-api.dimensiondata.com/v2/rider/3860/photo;49, 02:03:27, 85:58:43;NA;57, 1;49;0;0;57;0;0;FALSE;0;0;NA;NA
188;Rigoberto;URAN URAN;CANNONDALE DRAPAC PROFESSIONAL CYCLING TEAM;CDT;http://fep-api.dimensiondata.com/v2/teams/989;Colombia;COL;1987-01-26T00:00:00;83;http://fep-api.dimensiondata.com/v2/rider/3861/photo;2, 00:00:54, 83:56:10;8, 106;13, 26;2;0;8;13;0;0;FALSE;0;0;NA;NA
189;Dylan;VAN BAARLE;CANNONDALE DRAPAC PROFESSIONAL CYCLING TEAM;CDT;http://fep-api.dimensiondata.com/v2/teams/989;Netherlands;NED;1992-05-21T00:00:00;83;http://fep-api.dimensiondata.com/v2/rider/3862/photo;77, 02:47:11, 86:42:27;47, 28;37, 4;77;10;47;37;0;0;FALSE;0;0;NA;10, 02:40:57, 86:42:27
191;Jon;IZAGUIRRE INSAUSTI;BAHRAIN - MERIDA;TBM;http://fep-api.dimensiondata.com/v2/teams/934;Spain;ESP;1989-02-04T00:00:00;83;http://fep-api.dimensiondata.com/v2/rider/3863/photo;NA;NA;NA;0;0;0;0;0;0;TRUE;194;0;AB;NA
192;Yukiya;ARASHIRO;BAHRAIN - MERIDA;TBM;http://fep-api.dimensiondata.com/v2/teams/934;Japan;JPN;1984-09-22T00:00:00;83;http://fep-api.dimensiondata.com/v2/rider/3864/photo;109, 03:18:16, 87:13:32;NA;NA;109;0;0;0;0;0;FALSE;0;0;NA;NA
193;Grega;BOLE;BAHRAIN - MERIDA;TBM;http://fep-api.dimensiondata.com/v2/teams/934;Slovenia;SLO;1985-08-13T00:00:00;83;http://fep-api.dimensiondata.com/v2/rider/3865/photo;144, 03:55:29, 87:50:45;113, 6;NA;144;0;113;0;0;0;FALSE;0;0;NA;NA
194;Borut;BOZIC;BAHRAIN - MERIDA;TBM;http://fep-api.dimensiondata.com/v2/teams/934;Slovenia;SLO;1980-08-08T00:00:00;83;http://fep-api.dimensiondata.com/v2/rider/3866/photo;162, 04:18:41, 88:13:57;102, 8;NA;162;0;102;0;0;0;FALSE;0;0;NA;NA
195;Janez;BRAJKOVIC;BAHRAIN - MERIDA;TBM;http://fep-api.dimensiondata.com/v2/teams/934;Slovenia;SLO;1983-12-18T00:00:00;83;http://fep-api.dimensiondata.com/v2/rider/3867/photo;45, 02:00:38, 85:55:54;NA;NA;45;0;0;0;0;0;FALSE;0;0;NA;NA
196;Ondrej;CINK;BAHRAIN - MERIDA;TBM;http://fep-api.dimensiondata.com/v2/teams/934;Czech Republic;CZE;0001-01-01T00:00:00;83;http://fep-api.dimensiondata.com/v2/rider/3868/photo;NA;NA;NA;0;0;0;0;0;0;TRUE;212;0;AB;NA
197;Sonny;COLBRELLI;BAHRAIN - MERIDA;TBM;http://fep-api.dimensiondata.com/v2/teams/934;Italy;ITA;1990-05-17T00:00:00;83;http://fep-api.dimensiondata.com/v2/rider/3869/photo;123, 03:36:22, 87:31:38;4, 163;NA;123;0;4;0;0;0;FALSE;0;0;NA;NA
198;Tsgabu Gebremaryam;GRMAY;BAHRAIN - MERIDA;TBM;http://fep-api.dimensiondata.com/v2/teams/934;Ethiopia;ETH;1991-08-25T00:00:00;83;http://fep-api.dimensiondata.com/v2/rider/3870/photo;72, 02:40:10, 86:35:26;NA;46, 2;72;0;0;46;0;0;FALSE;0;0;NA;NA
199;Javier;MORENO BAZAN;BAHRAIN - MERIDA;TBM;http://fep-api.dimensiondata.com/v2/teams/934;Spain;ESP;1984-07-18T00:00:00;83;http://fep-api.dimensiondata.com/v2/rider/3871/photo;119, 03:32:06, 87:27:22;NA;NA;119;0;0;0;0;0;FALSE;0;0;NA;NA
201;Guillaume;MARTIN;WANTY - GROUPE GOBERT;WGG;http://fep-api.dimensiondata.com/v2/teams/977;France;FRA;1993-06-09T00:00:00;83;http://fep-api.dimensiondata.com/v2/rider/3872/photo;23, 00:53:52, 84:49:08;61, 22;33, 6;23;5;61;33;0;0;FALSE;0;0;NA;5, 00:47:38, 84:49:08
202;Frederik;BACKAERT;WANTY - GROUPE GOBERT;WGG;http://fep-api.dimensiondata.com/v2/teams/977;Belgium;BEL;1990-03-13T00:00:00;83;http://fep-api.dimensiondata.com/v2/rider/3873/photo;132, 03:46:36, 87:41:52;27, 54;50, 1;132;0;27;50;0;0;FALSE;0;0;NA;NA
203;Thomas;DEGAND;WANTY - GROUPE GOBERT;WGG;http://fep-api.dimensiondata.com/v2/teams/977;Belgium;BEL;1986-05-13T00:00:00;83;http://fep-api.dimensiondata.com/v2/rider/3874/photo;34, 01:34:02, 85:29:18;NA;NA;34;0;0;0;0;0;FALSE;0;0;NA;NA
204;Marco;MINNAARD ;WANTY - GROUPE GOBERT;WGG;http://fep-api.dimensiondata.com/v2/teams/977;Netherlands;NED;1989-04-11T00:00:00;83;http://fep-api.dimensiondata.com/v2/rider/3875/photo;40, 01:48:11, 85:43:27;103, 7;NA;40;0;103;0;0;0;FALSE;0;0;NA;NA
205;Yoann;OFFREDO;WANTY - GROUPE GOBERT;WGG;http://fep-api.dimensiondata.com/v2/teams/977;France;FRA;1986-11-12T00:00:00;83;http://fep-api.dimensiondata.com/v2/rider/3876/photo;111, 03:20:50, 87:16:06;44, 33;NA;111;0;44;0;0;0;FALSE;0;0;NA;NA
206;Andrea;PASQUALON;WANTY - GROUPE GOBERT;WGG;http://fep-api.dimensiondata.com/v2/teams/977;Italy;ITA;1988-01-02T00:00:00;83;http://fep-api.dimensiondata.com/v2/rider/3877/photo;138, 03:51:18, 87:46:34;101, 8;NA;138;0;101;0;0;0;FALSE;0;0;NA;NA
207;Dion;SMITH;WANTY - GROUPE GOBERT;WGG;http://fep-api.dimensiondata.com/v2/teams/977;New Zealand;NZL;1993-03-03T00:00:00;83;http://fep-api.dimensiondata.com/v2/rider/3878/photo;124, 03:39:24, 87:34:40;58, 24;NA;124;19;58;0;0;0;FALSE;0;0;NA;19, 03:33:10, 87:34:40
208;Guillaume;VAN KEIRSBULCK;WANTY - GROUPE GOBERT;WGG;http://fep-api.dimensiondata.com/v2/teams/977;Belgium;BEL;1991-02-14T00:00:00;83;http://fep-api.dimensiondata.com/v2/rider/3879/photo;147, 03:59:48, 87:55:04;64, 20;51, 1;147;0;64;51;0;0;FALSE;0;0;NA;NA
209;Pieter;VANSPEYBROUCK;WANTY - GROUPE GOBERT;WGG;http://fep-api.dimensiondata.com/v2/teams/977;Belgium;BEL;1987-02-10T00:00:00;83;http://fep-api.dimensiondata.com/v2/rider/3880/photo;101, 03:09:38, 87:04:54;54, 26;NA;101;0;54;0;0;0;FALSE;0;0;NA;NA
211;DANIEL;MC LAY;TEAM FORTUNEO - OSCARO;TFO;http://fep-api.dimensiondata.com/v2/teams/990;United Kingdom;GBR;1992-01-03T00:00:00;83;http://fep-api.dimensiondata.com/v2/rider/3881/photo;NA;NA;NA;0;0;0;0;0;0;TRUE;210;0;AB;NA
212;Maxime;BOUET;TEAM FORTUNEO - OSCARO;TFO;http://fep-api.dimensiondata.com/v2/teams/990;France;FRA;1986-03-11T00:00:00;83;http://fep-api.dimensiondata.com/v2/rider/3882/photo;55, 02:13:23, 86:08:39;43, 34;49, 1;55;0;43;49;0;0;FALSE;0;0;NA;NA
213;Brice;FEILLU;TEAM FORTUNEO - OSCARO;TFO;http://fep-api.dimensiondata.com/v2/teams/990;France;FRA;1985-07-26T00:00:00;83;http://fep-api.dimensiondata.com/v2/rider/3883/photo;16, 00:36:46, 84:32:02;120, 3;24, 11;16;0;120;24;0;0;FALSE;0;0;NA;NA
214;Elie;GESBERT;TEAM FORTUNEO - OSCARO;TFO;http://fep-api.dimensiondata.com/v2/teams/990;France;FRA;0001-01-01T00:00:00;83;http://fep-api.dimensiondata.com/v2/rider/3884/photo;86, 02:55:13, 86:50:29;26, 56;39, 3;86;12;26;39;0;0;FALSE;0;0;NA;12, 02:48:59, 86:50:29
215;Romain;HARDY;TEAM FORTUNEO - OSCARO;TFO;http://fep-api.dimensiondata.com/v2/teams/990;France;FRA;1988-08-24T00:00:00;83;http://fep-api.dimensiondata.com/v2/rider/3885/photo;27, 01:12:51, 85:08:07;48, 27;40, 2;27;0;48;40;0;0;FALSE;0;0;NA;NA
216;Pierre-Luc;PERICHON;TEAM FORTUNEO - OSCARO;TFO;http://fep-api.dimensiondata.com/v2/teams/990;France;FRA;1987-01-04T00:00:00;83;http://fep-api.dimensiondata.com/v2/rider/3886/photo;42, 01:57:29, 85:52:45;57, 24;56, 1;42;0;57;56;0;0;FALSE;0;0;NA;NA
217;Laurent;PICHON;TEAM FORTUNEO - OSCARO;TFO;http://fep-api.dimensiondata.com/v2/teams/990;France;FRA;1986-07-19T00:00:00;83;http://fep-api.dimensiondata.com/v2/rider/3887/photo;125, 03:39:45, 87:35:01;83, 15;NA;125;0;83;0;0;0;FALSE;0;0;NA;NA
218;Eduardo;SEPULVEDA;TEAM FORTUNEO - OSCARO;TFO;http://fep-api.dimensiondata.com/v2/teams/990;Argentina;ARG;1991-06-13T00:00:00;83;http://fep-api.dimensiondata.com/v2/rider/3888/photo;67, 02:31:05, 86:26:21;NA;NA;67;0;0;0;0;0;FALSE;0;0;NA;NA
219;Florian;VACHON;TEAM FORTUNEO - OSCARO;TFO;http://fep-api.dimensiondata.com/v2/teams/990;France;FRA;1985-01-02T00:00:00;83;http://fep-api.dimensiondata.com/v2/rider/3889/photo;103, 03:13:10, 87:08:26;116, 5;NA;103;0;116;0;0;0;FALSE;0;0;NA;NA
